,mprec_2011,mprec_2012,mprec_2013,mprec_2014,mprec_2015,mprec_2016,mprec_2017,mprec_2020,mprec_2021,mtemp_2011,mtemp_2012,mtemp_2013,mtemp_2014,mtemp_2015,mtemp_2016,mtemp_2017,mtemp_2020,mtemp_2021
Ruacana,74.13920593261719,53.31224822998047,24.607088088989258,26.829303741455078,29.16853904724121,30.69017219543457,38.619014739990234,26.58055305480957,28.504234313964844,21.64130973815918,22.928316116333008,24.080698013305664,23.498760223388672,23.48055648803711,24.31624984741211,23.611324310302734,23.972698211669922,23.872425079345703
